output,rank,input,gradient_magnitude
output_1,1,input_1,1.390547
output_1,2,input_3,0.599319
output_1,3,input_2,0.597994
output_1,4,input_8,0.431802
output_1,5,input_4,0.388974
output_1,6,input_5,0.381053
output_1,7,input_7,0.247514
output_1,8,input_10,0.241573
output_1,9,input_9,0.240699
output_1,10,input_6,0.232125
output_1,11,input_19,0.203475
output_1,12,input_14,0.179461
output_1,13,input_13,0.175610
output_1,14,input_15,0.138165
output_1,15,input_16,0.136813
output_1,16,input_11,0.131273
output_1,17,input_12,0.129993
output_1,18,input_20,0.123389
output_1,19,input_21,0.122140
output_1,20,input_26,0.104851
output_1,21,input_27,0.100893
output_1,22,input_22,0.094494
output_1,23,input_23,0.094010
output_1,24,input_28,0.091283
output_1,25,input_29,0.084471
output_1,26,input_17,0.082070
output_1,27,input_18,0.080235
output_1,28,input_31,0.068555
output_1,29,input_30,0.067181
output_1,30,input_25,0.055548
output_1,31,input_24,0.055086
output_1,32,input_32,0.039451
output_1,33,input_33,0.039078
output_2,1,input_1,0.897520
output_2,2,input_3,0.525954
output_2,3,input_2,0.411863
output_2,4,input_5,0.339286
output_2,5,input_8,0.334074
output_2,6,input_4,0.311163
output_2,7,input_9,0.234756
output_2,8,input_7,0.221412
output_2,9,input_6,0.209330
output_2,10,input_10,0.188103
output_2,11,input_19,0.180158
output_2,12,input_13,0.169544
output_2,13,input_14,0.155083
output_2,14,input_15,0.136186
output_2,15,input_12,0.135865
output_2,16,input_11,0.135261
output_2,17,input_16,0.134889
output_2,18,input_21,0.128922
output_2,19,input_20,0.113329
output_2,20,input_27,0.104197
output_2,21,input_23,0.099951
output_2,22,input_22,0.099896
output_2,23,input_26,0.098815
output_2,24,input_28,0.096207
output_2,25,input_29,0.089338
output_2,26,input_17,0.086934
output_2,27,input_18,0.086155
output_2,28,input_31,0.074897
output_2,29,input_30,0.073592
output_2,30,input_25,0.059897
output_2,31,input_24,0.058893
output_2,32,input_32,0.042837
output_2,33,input_33,0.041748
output_3,1,input_1,0.885956
output_3,2,input_2,0.509785
output_3,3,input_3,0.418057
output_3,4,input_4,0.349972
output_3,5,input_8,0.327653
output_3,6,input_5,0.309772
output_3,7,input_10,0.229162
output_3,8,input_7,0.221440
output_3,9,input_6,0.208652
output_3,10,input_9,0.189187
output_3,11,input_19,0.179647
output_3,12,input_14,0.171364
output_3,13,input_13,0.154327
output_3,14,input_15,0.136010
output_3,15,input_16,0.135506
output_3,16,input_12,0.134037
output_3,17,input_11,0.133783
output_3,18,input_20,0.127448
output_3,19,input_21,0.115324
output_3,20,input_26,0.107304
output_3,21,input_23,0.099542
output_3,22,input_22,0.099291
output_3,23,input_27,0.097064
output_3,24,input_28,0.096659
output_3,25,input_29,0.088948
output_3,26,input_17,0.085809
output_3,27,input_18,0.085344
output_3,28,input_31,0.074329
output_3,29,input_30,0.073498
output_3,30,input_24,0.058664
output_3,31,input_25,0.058100
output_3,32,input_32,0.041568
output_3,33,input_33,0.041294
output_4,1,input_1,0.903439
output_4,2,input_3,0.478720
output_4,3,input_2,0.469268
output_4,4,input_5,0.448940
output_4,5,input_8,0.338984
output_4,6,input_4,0.304444
output_4,7,input_7,0.248531
output_4,8,input_6,0.234789
output_4,9,input_9,0.218305
output_4,10,input_10,0.217669
output_4,11,input_13,0.213913
output_4,12,input_19,0.203798
output_4,13,input_14,0.155181
output_4,14,input_15,0.154525
output_4,15,input_16,0.154394
output_4,16,input_11,0.141790
output_4,17,input_12,0.140735
output_4,18,input_20,0.138154
output_4,19,input_21,0.136370
output_4,20,input_27,0.136362
output_4,21,input_28,0.111652
output_4,22,input_23,0.110250
output_4,23,input_22,0.109371
output_4,24,input_26,0.105614
output_4,25,input_29,0.103518
output_4,26,input_17,0.092608
output_4,27,input_18,0.091298
output_4,28,input_31,0.082435
output_4,29,input_30,0.081031
output_4,30,input_25,0.063511
output_4,31,input_24,0.062603
output_4,32,input_32,0.044928
output_4,33,input_33,0.044298
output_5,1,input_1,0.899796
output_5,2,input_2,0.485607
output_5,3,input_3,0.461817
output_5,4,input_4,0.438437
output_5,5,input_8,0.339241
output_5,6,input_5,0.301122
output_5,7,input_7,0.243328
output_5,8,input_6,0.231426
output_5,9,input_10,0.222863
output_5,10,input_9,0.211473
output_5,11,input_14,0.210572
output_5,12,input_19,0.203209
output_5,13,input_13,0.156275
output_5,14,input_16,0.153176
output_5,15,input_15,0.152499
output_5,16,input_11,0.140405
output_5,17,input_12,0.139533
output_5,18,input_20,0.138530
output_5,19,input_26,0.136176
output_5,20,input_21,0.133901
output_5,21,input_28,0.111190
output_5,22,input_23,0.108995
output_5,23,input_22,0.107964
output_5,24,input_27,0.104560
output_5,25,input_29,0.102267
output_5,26,input_18,0.090596
output_5,27,input_17,0.090257
output_5,28,input_31,0.081186
output_5,29,input_30,0.080729
output_5,30,input_24,0.061976
output_5,31,input_25,0.061881
output_5,32,input_32,0.044837
output_5,33,input_33,0.043625
output_6,1,input_1,0.958837
output_6,2,input_3,0.456909
output_6,3,input_2,0.453906
output_6,4,input_8,0.369587
output_6,5,input_4,0.333784
output_6,6,input_5,0.332088
output_6,7,input_7,0.220878
output_6,8,input_10,0.212288
output_6,9,input_9,0.212019
output_6,10,input_19,0.211163
output_6,11,input_6,0.210001
output_6,12,input_14,0.181172
output_6,13,input_13,0.178259
output_6,14,input_16,0.141802
output_6,15,input_15,0.141142
output_6,16,input_20,0.133978
output_6,17,input_21,0.133371
output_6,18,input_12,0.126311
output_6,19,input_11,0.126129
output_6,20,input_26,0.117657
output_6,21,input_27,0.115330
output_6,22,input_28,0.104495
output_6,23,input_23,0.102154
output_6,24,input_22,0.102122
output_6,25,input_29,0.096236
output_6,26,input_17,0.082700
output_6,27,input_18,0.081542
output_6,28,input_31,0.076305
output_6,29,input_30,0.075785
output_6,30,input_25,0.056592
output_6,31,input_24,0.056303
output_6,32,input_32,0.041894
output_6,33,input_33,0.040620
output_7,1,input_1,0.775448
output_7,2,input_2,0.434469
output_7,3,input_3,0.433298
output_7,4,input_4,0.322772
output_7,5,input_8,0.310536
output_7,6,input_5,0.308946
output_7,7,input_7,0.230455
output_7,8,input_6,0.215316
output_7,9,input_10,0.204176
output_7,10,input_9,0.203572
output_7,11,input_19,0.186713
output_7,12,input_14,0.171206
output_7,13,input_13,0.164878
output_7,14,input_15,0.145048
output_7,15,input_16,0.142556
output_7,16,input_12,0.129125
output_7,17,input_20,0.128875
output_7,18,input_21,0.128614
output_7,19,input_11,0.128433
output_7,20,input_26,0.112967
output_7,21,input_27,0.108511
output_7,22,input_28,0.104387
output_7,23,input_22,0.103956
output_7,24,input_23,0.103543
output_7,25,input_29,0.097350
output_7,26,input_17,0.085834
output_7,27,input_18,0.085630
output_7,28,input_31,0.079352
output_7,29,input_30,0.079120
output_7,30,input_24,0.059049
output_7,31,input_25,0.058840
output_7,32,input_32,0.043067
output_7,33,input_33,0.042471
output_8,1,input_1,0.790418
output_8,2,input_2,0.439324
output_8,3,input_3,0.437440
output_8,4,input_4,0.331121
output_8,5,input_8,0.321230
output_8,6,input_5,0.316678
output_8,7,input_7,0.228770
output_8,8,input_6,0.215478
output_8,9,input_10,0.208672
output_8,10,input_9,0.207548
output_8,11,input_19,0.192513
output_8,12,input_14,0.177783
output_8,13,input_13,0.171049
output_8,14,input_15,0.147566
output_8,15,input_16,0.146518
output_8,16,input_20,0.132634
output_8,17,input_21,0.131502
output_8,18,input_12,0.129564
output_8,19,input_11,0.129314
output_8,20,input_26,0.114855
output_8,21,input_27,0.111960
output_8,22,input_28,0.106933
output_8,23,input_23,0.106191
output_8,24,input_22,0.105385
output_8,25,input_29,0.098847
output_8,26,input_17,0.086112
output_8,27,input_18,0.085355
output_8,28,input_30,0.080329
output_8,29,input_31,0.080217
output_8,30,input_25,0.059465
output_8,31,input_24,0.059017
output_8,32,input_32,0.043938
output_8,33,input_33,0.042873
output_9,1,input_1,0.813231
output_9,2,input_3,0.450841
output_9,3,input_2,0.414475
output_9,4,input_8,0.334517
output_9,5,input_4,0.329358
output_9,6,input_5,0.309139
output_9,7,input_7,0.209046
output_9,8,input_9,0.209024
output_9,9,input_6,0.201001
output_9,10,input_10,0.199429
output_9,11,input_19,0.197805
output_9,12,input_14,0.179600
output_9,13,input_13,0.170966
output_9,14,input_15,0.140411
output_9,15,input_16,0.139823
output_9,16,input_21,0.132218
output_9,17,input_20,0.128916
output_9,18,input_12,0.122291
output_9,19,input_11,0.121432
output_9,20,input_26,0.117572
output_9,21,input_27,0.111464
output_9,22,input_28,0.104511
output_9,23,input_23,0.101481
output_9,24,input_22,0.101129
output_9,25,input_29,0.096476
output_9,26,input_17,0.080050
output_9,27,input_18,0.079334
output_9,28,input_31,0.075688
output_9,29,input_30,0.075371
output_9,30,input_24,0.055977
output_9,31,input_25,0.055283
output_9,32,input_32,0.042154
output_9,33,input_33,0.040978
output_10,1,input_1,0.809960
output_10,2,input_2,0.450158
output_10,3,input_3,0.414980
output_10,4,input_8,0.334739
output_10,5,input_5,0.321140
output_10,6,input_4,0.316311
output_10,7,input_10,0.209585
output_10,8,input_7,0.209410
output_10,9,input_19,0.199311
output_10,10,input_9,0.198851
output_10,11,input_6,0.197474
output_10,12,input_13,0.176718
output_10,13,input_14,0.174283
output_10,14,input_15,0.141297
output_10,15,input_16,0.138674
output_10,16,input_20,0.134260
output_10,17,input_21,0.128752
output_10,18,input_11,0.122011
output_10,19,input_12,0.121287
output_10,20,input_27,0.114790
output_10,21,input_26,0.113916
output_10,22,input_28,0.104087
output_10,23,input_23,0.101782
output_10,24,input_22,0.100548
output_10,25,input_29,0.096757
output_10,26,input_17,0.079817
output_10,27,input_18,0.078884
output_10,28,input_31,0.076259
output_10,29,input_30,0.075601
output_10,30,input_24,0.055656
output_10,31,input_25,0.055356
output_10,32,input_32,0.041985
output_10,33,input_33,0.040603
output_11,1,input_1,0.817143
output_11,2,input_3,0.435866
output_11,3,input_2,0.427344
output_11,4,input_4,0.364092
output_11,5,input_8,0.340961
output_11,6,input_5,0.302790
output_11,7,input_7,0.213982
output_11,8,input_9,0.207348
output_11,9,input_10,0.206295
output_11,10,input_6,0.203858
output_11,11,input_19,0.201484
output_11,12,input_14,0.194136
output_11,13,input_13,0.168450
output_11,14,input_15,0.143700
output_11,15,input_16,0.142806
output_11,16,input_21,0.133737
output_11,17,input_20,0.132174
output_11,18,input_26,0.124865
output_11,19,input_12,0.122630
output_11,20,input_11,0.122510
output_11,21,input_27,0.110248
output_11,22,input_28,0.106331
output_11,23,input_23,0.103349
output_11,24,input_22,0.102179
output_11,25,input_29,0.097460
output_11,26,input_17,0.081091
output_11,27,input_18,0.080035
output_11,28,input_31,0.077539
output_11,29,input_30,0.076221
output_11,30,input_24,0.056893
output_11,31,input_25,0.056399
output_11,32,input_32,0.042893
output_11,33,input_33,0.041489
output_12,1,input_1,0.818416
output_12,2,input_3,0.426968
output_12,3,input_2,0.425621
output_12,4,input_5,0.371266
output_12,5,input_8,0.337401
output_12,6,input_4,0.296472
output_12,7,input_7,0.214589
output_12,8,input_10,0.204199
output_12,9,input_9,0.203405
output_12,10,input_6,0.203010
output_12,11,input_19,0.199201
output_12,12,input_13,0.197739
output_12,13,input_14,0.164195
output_12,14,input_15,0.143361
output_12,15,input_16,0.142473
output_12,16,input_20,0.133031
output_12,17,input_21,0.131438
output_12,18,input_27,0.125332
output_12,19,input_12,0.122046
output_12,20,input_11,0.121605
output_12,21,input_26,0.108423
output_12,22,input_28,0.105405
output_12,23,input_23,0.103435
output_12,24,input_22,0.102703
output_12,25,input_29,0.098009
output_12,26,input_17,0.080239
output_12,27,input_18,0.080053
output_12,28,input_31,0.076917
output_12,29,input_30,0.076425
output_12,30,input_24,0.056552
output_12,31,input_25,0.056500
output_12,32,input_32,0.042994
output_12,33,input_33,0.042089
output_13,1,input_1,0.731490
output_13,2,input_2,0.412764
output_13,3,input_3,0.406958
output_13,4,input_8,0.309951
output_13,5,input_5,0.305187
output_13,6,input_4,0.289973
output_13,7,input_7,0.206112
output_13,8,input_10,0.196418
output_13,9,input_9,0.196140
output_13,10,input_6,0.194867
output_13,11,input_19,0.182997
output_13,12,input_13,0.167797
output_13,13,input_14,0.161191
output_13,14,input_15,0.138816
output_13,15,input_16,0.138114
output_13,16,input_20,0.126453
output_13,17,input_21,0.125033
output_13,18,input_12,0.119787
output_13,19,input_11,0.119448
output_13,20,input_27,0.109024
output_13,21,input_26,0.104988
output_13,22,input_28,0.102165
output_13,23,input_23,0.102100
output_13,24,input_22,0.100101
output_13,25,input_29,0.093939
output_13,26,input_17,0.079261
output_13,27,input_18,0.078668
output_13,28,input_31,0.076287
output_13,29,input_30,0.075691
output_13,30,input_25,0.055865
output_13,31,input_24,0.055804
output_13,32,input_32,0.041941
output_13,33,input_33,0.040818
output_14,1,input_1,0.756245
output_14,2,input_3,0.416008
output_14,3,input_2,0.408032
output_14,4,input_8,0.317569
output_14,5,input_5,0.302007
output_14,6,input_4,0.292940
output_14,7,input_7,0.204495
output_14,8,input_10,0.196249
output_14,9,input_9,0.195661
output_14,10,input_6,0.195067
output_14,11,input_19,0.185905
output_14,12,input_13,0.168283
output_14,13,input_14,0.162294
output_14,14,input_15,0.137853
output_14,15,input_16,0.136431
output_14,16,input_20,0.125225
output_14,17,input_21,0.124887
output_14,18,input_12,0.119555
output_14,19,input_11,0.117837
output_14,20,input_27,0.108425
output_14,21,input_26,0.107786
output_14,22,input_28,0.101592
output_14,23,input_22,0.100519
output_14,24,input_23,0.100215
output_14,25,input_29,0.093344
output_14,26,input_17,0.079241
output_14,27,input_18,0.078132
output_14,28,input_31,0.075792
output_14,29,input_30,0.075045
output_14,30,input_24,0.055524
output_14,31,input_25,0.055398
output_14,32,input_32,0.042196
output_14,33,input_33,0.040843
output_15,1,input_1,0.760322
output_15,2,input_3,0.411961
output_15,3,input_2,0.408100
output_15,4,input_8,0.327268
output_15,5,input_5,0.310239
output_15,6,input_4,0.300400
output_15,7,input_7,0.205308
output_15,8,input_9,0.199111
output_15,9,input_10,0.198984
output_15,10,input_19,0.193177
output_15,11,input_6,0.190639
output_15,12,input_13,0.173215
output_15,13,input_14,0.168424
output_15,14,input_15,0.139062
output_15,15,input_16,0.137318
output_15,16,input_20,0.129240
output_15,17,input_21,0.127058
output_15,18,input_12,0.116725
output_15,19,input_11,0.116455
output_15,20,input_27,0.111778
output_15,21,input_26,0.111520
output_15,22,input_28,0.102126
output_15,23,input_23,0.100532
output_15,24,input_22,0.100419
output_15,25,input_29,0.094920
output_15,26,input_17,0.077823
output_15,27,input_18,0.077103
output_15,28,input_31,0.075396
output_15,29,input_30,0.074546
output_15,30,input_24,0.055266
output_15,31,input_25,0.055108
output_15,32,input_32,0.042165
output_15,33,input_33,0.040816
output_16,1,input_1,0.701815
output_16,2,input_3,0.383990
output_16,3,input_2,0.379814
output_16,4,input_8,0.304069
output_16,5,input_5,0.304003
output_16,6,input_4,0.281287
output_16,7,input_6,0.193318
output_16,8,input_9,0.187228
output_16,9,input_10,0.187063
output_16,10,input_7,0.185522
output_16,11,input_19,0.179148
output_16,12,input_13,0.169061
output_16,13,input_14,0.156732
output_16,14,input_16,0.133292
output_16,15,input_15,0.129560
output_16,16,input_20,0.121387
output_16,17,input_21,0.120683
output_16,18,input_12,0.109705
output_16,19,input_27,0.109658
output_16,20,input_11,0.109249
output_16,21,input_26,0.102853
output_16,22,input_28,0.098051
output_16,23,input_23,0.094273
output_16,24,input_22,0.093847
output_16,25,input_29,0.089379
output_16,26,input_17,0.074379
output_16,27,input_18,0.073535
output_16,28,input_31,0.071634
output_16,29,input_30,0.071330
output_16,30,input_24,0.053091
output_16,31,input_25,0.052993
output_16,32,input_32,0.041320
output_16,33,input_33,0.039993
output_17,1,input_1,0.721848
output_17,2,input_3,0.392591
output_17,3,input_2,0.392002
output_17,4,input_8,0.317456
output_17,5,input_5,0.308478
output_17,6,input_4,0.289276
output_17,7,input_7,0.207502
output_17,8,input_9,0.193497
output_17,9,input_10,0.193150
output_17,10,input_19,0.186610
output_17,11,input_6,0.179132
output_17,12,input_13,0.172337
output_17,13,input_14,0.163846
output_17,14,input_15,0.139093
output_17,15,input_16,0.131844
output_17,16,input_20,0.126096
output_17,17,input_21,0.124800
output_17,18,input_12,0.112121
output_17,19,input_27,0.111335
output_17,20,input_11,0.110565
output_17,21,input_26,0.108438
output_17,22,input_28,0.098878
output_17,23,input_22,0.097292
output_17,24,input_23,0.097273
output_17,25,input_29,0.094536
output_17,26,input_17,0.075379
output_17,27,input_18,0.074974
output_17,28,input_31,0.073762
output_17,29,input_30,0.073274
output_17,30,input_25,0.053982
output_17,31,input_24,0.053959
output_17,32,input_32,0.041854
output_17,33,input_33,0.041004
output_18,1,input_1,0.704156
output_18,2,input_3,0.377174
output_18,3,input_2,0.376666
output_18,4,input_4,0.329570
output_18,5,input_8,0.317283
output_18,6,input_5,0.282434
output_18,7,input_9,0.191646
output_18,8,input_10,0.191342
output_18,9,input_19,0.187980
output_18,10,input_7,0.181820
output_18,11,input_14,0.178462
output_18,12,input_6,0.175333
output_18,13,input_13,0.159249
output_18,14,input_15,0.132111
output_18,15,input_16,0.130739
output_18,16,input_20,0.124581
output_18,17,input_21,0.123772
output_18,18,input_26,0.116711
output_18,19,input_27,0.105714
output_18,20,input_12,0.105653
output_18,21,input_11,0.105343
output_18,22,input_28,0.099759
output_18,23,input_23,0.094345
output_18,24,input_22,0.093144
output_18,25,input_29,0.092168
output_18,26,input_17,0.072909
output_18,27,input_31,0.071645
output_18,28,input_18,0.071367
output_18,29,input_30,0.070327
output_18,30,input_24,0.053025
output_18,31,input_25,0.052558
output_18,32,input_32,0.041869
output_18,33,input_33,0.040849
output_19,1,input_1,0.709400
output_19,2,input_3,0.385165
output_19,3,input_2,0.377487
output_19,4,input_4,0.324207
output_19,5,input_8,0.316788
output_19,6,input_5,0.264377
output_19,7,input_9,0.191289
output_19,8,input_10,0.188096
output_19,9,input_19,0.185733
output_19,10,input_7,0.182459
output_19,11,input_14,0.180350
output_19,12,input_6,0.176353
output_19,13,input_13,0.152676
output_19,14,input_15,0.131264
output_19,15,input_16,0.129813
output_19,16,input_20,0.123124
output_19,17,input_21,0.122792
output_19,18,input_26,0.116891
output_19,19,input_11,0.106404
output_19,20,input_12,0.106307
output_19,21,input_27,0.101254
output_19,22,input_28,0.098389
output_19,23,input_23,0.094163
output_19,24,input_22,0.093656
output_19,25,input_29,0.090575
output_19,26,input_17,0.071894
output_19,27,input_18,0.070869
output_19,28,input_31,0.070801
output_19,29,input_30,0.070372
output_19,30,input_24,0.052314
output_19,31,input_25,0.052010
output_19,32,input_32,0.041032
output_19,33,input_33,0.039790
output_20,1,input_1,0.695666
output_20,2,input_2,0.387160
output_20,3,input_3,0.375718
output_20,4,input_8,0.315080
output_20,5,input_5,0.296205
output_20,6,input_4,0.289992
output_20,7,input_10,0.192171
output_20,8,input_9,0.190422
output_20,9,input_19,0.186080
output_20,10,input_7,0.183572
output_20,11,input_6,0.174004
output_20,12,input_13,0.167278
output_20,13,input_14,0.163389
output_20,14,input_15,0.132822
output_20,15,input_16,0.131063
output_20,16,input_20,0.124834
output_20,17,input_21,0.123041
output_20,18,input_27,0.109601
output_20,19,input_26,0.109392
output_20,20,input_12,0.106674
output_20,21,input_11,0.106603
output_20,22,input_28,0.099966
output_20,23,input_23,0.095134
output_20,24,input_22,0.095019
output_20,25,input_29,0.092264
output_20,26,input_17,0.072600
output_20,27,input_31,0.072057
output_20,28,input_18,0.071375
output_20,29,input_30,0.071285
output_20,30,input_24,0.052405
output_20,31,input_25,0.052224
output_20,32,input_32,0.041325
output_20,33,input_33,0.040225
output_21,1,input_1,0.707372
output_21,2,input_3,0.382124
output_21,3,input_2,0.375759
output_21,4,input_8,0.322222
output_21,5,input_4,0.309855
output_21,6,input_5,0.303367
output_21,7,input_9,0.192798
output_21,8,input_10,0.191732
output_21,9,input_19,0.189759
output_21,10,input_7,0.182167
output_21,11,input_6,0.175757
output_21,12,input_14,0.172618
output_21,13,input_13,0.170050
output_21,14,input_15,0.132525
output_21,15,input_16,0.132198
output_21,16,input_20,0.125679
output_21,17,input_21,0.124760
output_21,18,input_26,0.113517
output_21,19,input_27,0.111475
output_21,20,input_12,0.106219
output_21,21,input_11,0.105637
output_21,22,input_28,0.099614
output_21,23,input_23,0.094802
output_21,24,input_22,0.094669
output_21,25,input_29,0.092878
output_21,26,input_17,0.072741
output_21,27,input_31,0.071912
output_21,28,input_18,0.071423
output_21,29,input_30,0.071125
output_21,30,input_24,0.053171
output_21,31,input_25,0.052909
output_21,32,input_32,0.042023
output_21,33,input_33,0.041012
output_22,1,input_1,0.696008
output_22,2,input_3,0.382815
output_22,3,input_2,0.376610
output_22,4,input_8,0.310979
output_22,5,input_5,0.305590
output_22,6,input_4,0.278893
output_22,7,input_9,0.190592
output_22,8,input_10,0.188520
output_22,9,input_7,0.183279
output_22,10,input_19,0.182800
output_22,11,input_6,0.174223
output_22,12,input_13,0.170508
output_22,13,input_14,0.158930
output_22,14,input_15,0.132107
output_22,15,input_16,0.130493
output_22,16,input_20,0.124011
output_22,17,input_21,0.122631
output_22,18,input_27,0.110506
output_22,19,input_12,0.106902
output_22,20,input_26,0.106017
output_22,21,input_11,0.105935
output_22,22,input_28,0.098545
output_22,23,input_23,0.095219
output_22,24,input_22,0.094356
output_22,25,input_29,0.091606
output_22,26,input_17,0.072548
output_22,27,input_18,0.071468
output_22,28,input_31,0.071404
output_22,29,input_30,0.071378
output_22,30,input_25,0.052589
output_22,31,input_24,0.052353
output_22,32,input_32,0.041544
output_22,33,input_33,0.040422
output_23,1,input_1,0.661006
output_23,2,input_2,0.371417
output_23,3,input_3,0.369261
output_23,4,input_8,0.295932
output_23,5,input_4,0.279518
output_23,6,input_5,0.279016
output_23,7,input_10,0.185089
output_23,8,input_9,0.183801
output_23,9,input_7,0.182797
output_23,10,input_19,0.175363
output_23,11,input_6,0.173028
output_23,12,input_14,0.156972
output_23,13,input_13,0.156495
output_23,14,input_15,0.129897
output_23,15,input_16,0.128163
output_23,16,input_20,0.119925
output_23,17,input_21,0.118783
output_23,18,input_11,0.107151
output_23,19,input_12,0.106156
output_23,20,input_26,0.104716
output_23,21,input_27,0.103763
output_23,22,input_28,0.096664
output_23,23,input_23,0.094275
output_23,24,input_22,0.093180
output_23,25,input_29,0.090410
output_23,26,input_17,0.072543
output_23,27,input_18,0.071582
output_23,28,input_31,0.071374
output_23,29,input_30,0.070757
output_23,30,input_25,0.053062
output_23,31,input_24,0.052859
output_23,32,input_32,0.041571
output_23,33,input_33,0.040458
output_24,1,input_1,0.656923
output_24,2,input_3,0.372875
output_24,3,input_2,0.369585
output_24,4,input_8,0.296799
output_24,5,input_4,0.286979
output_24,6,input_5,0.276049
output_24,7,input_9,0.186586
output_24,8,input_10,0.185263
output_24,9,input_7,0.184768
output_24,10,input_19,0.175678
output_24,11,input_6,0.173803
output_24,12,input_14,0.159258
output_24,13,input_13,0.156429
output_24,14,input_15,0.130986
output_24,15,input_16,0.129501
output_24,16,input_20,0.121049
output_24,17,input_21,0.119661
output_24,18,input_12,0.106828
output_24,19,input_11,0.106204
output_24,20,input_26,0.105961
output_24,21,input_27,0.103228
output_24,22,input_28,0.097133
output_24,23,input_23,0.094845
output_24,24,input_22,0.094455
output_24,25,input_29,0.090498
output_24,26,input_17,0.073206
output_24,27,input_18,0.072394
output_24,28,input_31,0.071811
output_24,29,input_30,0.071320
output_24,30,input_24,0.052990
output_24,31,input_25,0.052493
output_24,32,input_32,0.041212
output_24,33,input_33,0.040187
output_25,1,input_1,0.654007
output_25,2,input_3,0.367276
output_25,3,input_2,0.366014
output_25,4,input_8,0.302794
output_25,5,input_5,0.285728
output_25,6,input_4,0.284805
output_25,7,input_10,0.186945
output_25,8,input_9,0.185826
output_25,9,input_19,0.179413
output_25,10,input_7,0.175645
output_25,11,input_6,0.168584
output_25,12,input_14,0.160962
output_25,13,input_13,0.160092
output_25,14,input_15,0.129001
output_25,15,input_16,0.127200
output_25,16,input_20,0.121536
output_25,17,input_21,0.119837
output_25,18,input_26,0.107696
output_25,19,input_12,0.105626
output_25,20,input_27,0.105620
output_25,21,input_11,0.101722
output_25,22,input_28,0.097414
output_25,23,input_22,0.093754
output_25,24,input_23,0.091873
output_25,25,input_29,0.090064
output_25,26,input_17,0.070855
output_25,27,input_31,0.069858
output_25,28,input_30,0.069766
output_25,29,input_18,0.069725
output_25,30,input_25,0.052276
output_25,31,input_24,0.052128
output_25,32,input_32,0.041017
output_25,33,input_33,0.040164
output_26,1,input_1,0.660960
output_26,2,input_2,0.348787
output_26,3,input_3,0.347941
output_26,4,input_8,0.307555
output_26,5,input_5,0.283985
output_26,6,input_4,0.277944
output_26,7,input_10,0.180541
output_26,8,input_19,0.179706
output_26,9,input_9,0.179310
output_26,10,input_7,0.168951
output_26,11,input_6,0.161910
output_26,12,input_13,0.160777
output_26,13,input_14,0.158262
output_26,14,input_15,0.124801
output_26,15,input_16,0.123251
output_26,16,input_20,0.118560
output_26,17,input_21,0.117601
output_26,18,input_27,0.106164
output_26,19,input_26,0.105211
output_26,20,input_12,0.099316
output_26,21,input_11,0.098420
output_26,22,input_28,0.094430
output_26,23,input_22,0.089157
output_26,24,input_23,0.089150
output_26,25,input_29,0.087769
output_26,26,input_17,0.068681
output_26,27,input_31,0.067835
output_26,28,input_18,0.067617
output_26,29,input_30,0.067566
output_26,30,input_25,0.050804
output_26,31,input_24,0.050663
output_26,32,input_32,0.040756
output_26,33,input_33,0.039653
output_27,1,input_1,0.633901
output_27,2,input_3,0.340162
output_27,3,input_2,0.337593
output_27,4,input_8,0.296903
output_27,5,input_5,0.294927
output_27,6,input_4,0.259627
output_27,7,input_19,0.177575
output_27,8,input_9,0.177537
output_27,9,input_10,0.175841
output_27,10,input_7,0.172592
output_27,11,input_13,0.163572
output_27,12,input_6,0.156355
output_27,13,input_14,0.149900
output_27,14,input_15,0.123540
output_27,15,input_16,0.120261
output_27,16,input_21,0.117147
output_27,17,input_20,0.117043
output_27,18,input_27,0.108133
output_27,19,input_26,0.102466
output_27,20,input_12,0.098073
output_27,21,input_11,0.097846
output_27,22,input_28,0.093508
output_27,23,input_23,0.088800
output_27,24,input_29,0.088305
output_27,25,input_22,0.087790
output_27,26,input_17,0.069536
output_27,27,input_18,0.068569
output_27,28,input_31,0.068283
output_27,29,input_30,0.067895
output_27,30,input_24,0.051861
output_27,31,input_25,0.051793
output_27,32,input_32,0.041825
output_27,33,input_33,0.040884
output_28,1,input_1,0.620792
output_28,2,input_2,0.342104
output_28,3,input_3,0.338407
output_28,4,input_8,0.297968
output_28,5,input_5,0.294510
output_28,6,input_4,0.268389
output_28,7,input_10,0.179790
output_28,8,input_9,0.179621
output_28,9,input_19,0.178304
output_28,10,input_7,0.166008
output_28,11,input_13,0.164101
output_28,12,input_6,0.156677
output_28,13,input_14,0.153747
output_28,14,input_15,0.124636
output_28,15,input_16,0.122298
output_28,16,input_20,0.119572
output_28,17,input_21,0.118397
output_28,18,input_27,0.108171
output_28,19,input_26,0.104825
output_28,20,input_11,0.098119
output_28,21,input_12,0.097557
output_28,22,input_28,0.095704
output_28,23,input_23,0.089655
output_28,24,input_29,0.089112
output_28,25,input_22,0.089074
output_28,26,input_17,0.069766
output_28,27,input_31,0.069421
output_28,28,input_30,0.068750
output_28,29,input_18,0.068433
output_28,30,input_25,0.052434
output_28,31,input_24,0.052173
output_28,32,input_32,0.042560
output_28,33,input_33,0.041406
output_29,1,input_1,0.622201
output_29,2,input_3,0.336687
output_29,3,input_2,0.334873
output_29,4,input_8,0.296877
output_29,5,input_5,0.295623
output_29,6,input_4,0.262229
output_29,7,input_9,0.177541
output_29,8,input_19,0.177239
output_29,9,input_10,0.175432
output_29,10,input_13,0.163717
output_29,11,input_6,0.161610
output_29,12,input_7,0.160014
output_29,13,input_14,0.151191
output_29,14,input_16,0.121822
output_29,15,input_15,0.120793
output_29,16,input_20,0.116777
output_29,17,input_21,0.116565
output_29,18,input_27,0.108318
output_29,19,input_26,0.103028
output_29,20,input_12,0.096097
output_29,21,input_11,0.095619
output_29,22,input_28,0.094024
output_29,23,input_23,0.087682
output_29,24,input_22,0.087433
output_29,25,input_29,0.086970
output_29,26,input_17,0.067898
output_29,27,input_30,0.067288
output_29,28,input_31,0.067081
output_29,29,input_18,0.066968
output_29,30,input_24,0.050930
output_29,31,input_25,0.050830
output_29,32,input_32,0.041441
output_29,33,input_33,0.040131
output_30,1,input_1,0.614169
output_30,2,input_2,0.344889
output_30,3,input_3,0.344499
output_30,4,input_8,0.293671
output_30,5,input_4,0.282546
output_30,6,input_5,0.267045
output_30,7,input_9,0.181243
output_30,8,input_10,0.179033
output_30,9,input_19,0.174074
output_30,10,input_7,0.168551
output_30,11,input_6,0.159882
output_30,12,input_14,0.158241
output_30,13,input_13,0.152360
output_30,14,input_15,0.126626
output_30,15,input_16,0.124109
output_30,16,input_20,0.117484
output_30,17,input_21,0.117470
output_30,18,input_26,0.106262
output_30,19,input_27,0.101735
output_30,20,input_12,0.099408
output_30,21,input_11,0.098607
output_30,22,input_28,0.095026
output_30,23,input_23,0.090501
output_30,24,input_22,0.090350
output_30,25,input_29,0.088433
output_30,26,input_31,0.069221
output_30,27,input_17,0.069194
output_30,28,input_30,0.068603
output_30,29,input_18,0.067751
output_30,30,input_25,0.051260
output_30,31,input_24,0.051198
output_30,32,input_32,0.041294
output_30,33,input_33,0.040144
output_31,1,input_1,0.594612
output_31,2,input_2,0.333552
output_31,3,input_3,0.329389
output_31,4,input_8,0.278286
output_31,5,input_5,0.271340
output_31,6,input_4,0.249913
output_31,7,input_10,0.172059
output_31,8,input_9,0.171189
output_31,9,input_19,0.166150
output_31,10,input_7,0.160520
output_31,11,input_6,0.154487
output_31,12,input_13,0.152897
output_31,13,input_14,0.144671
output_31,14,input_15,0.119230
output_31,15,input_16,0.117786
output_31,16,input_20,0.113136
output_31,17,input_21,0.111549
output_31,18,input_27,0.101264
output_31,19,input_26,0.098286
output_31,20,input_12,0.096276
output_31,21,input_11,0.095412
output_31,22,input_28,0.090603
output_31,23,input_22,0.086687
output_31,24,input_23,0.086341
output_31,25,input_29,0.084420
output_31,26,input_17,0.067499
output_31,27,input_31,0.066629
output_31,28,input_30,0.065848
output_31,29,input_18,0.065825
output_31,30,input_24,0.049820
output_31,31,input_25,0.049752
output_31,32,input_32,0.040189
output_31,33,input_33,0.039243
output_32,1,input_1,0.603036
output_32,2,input_3,0.340599
output_32,3,input_2,0.337833
output_32,4,input_8,0.286360
output_32,5,input_4,0.286010
output_32,6,input_5,0.255681
output_32,7,input_10,0.177184
output_32,8,input_9,0.176945
output_32,9,input_19,0.170971
output_32,10,input_7,0.167043
output_32,11,input_6,0.158434
output_32,12,input_14,0.157911
output_32,13,input_13,0.147452
output_32,14,input_15,0.123917
output_32,15,input_16,0.121248
output_32,16,input_21,0.115903
output_32,17,input_20,0.115824
output_32,18,input_26,0.105425
output_32,19,input_27,0.099077
output_32,20,input_12,0.099039
output_32,21,input_11,0.098363
output_32,22,input_28,0.093296
output_32,23,input_23,0.089579
output_32,24,input_22,0.089099
output_32,25,input_29,0.087392
output_32,26,input_17,0.069379
output_32,27,input_31,0.068962
output_32,28,input_18,0.068595
output_32,29,input_30,0.068231
output_32,30,input_24,0.051481
output_32,31,input_25,0.051435
output_32,32,input_32,0.041537
output_32,33,input_33,0.040279
output_33,1,input_1,0.614541
output_33,2,input_2,0.328262
output_33,3,input_3,0.327227
output_33,4,input_8,0.296481
output_33,5,input_4,0.288784
output_33,6,input_5,0.268560
output_33,7,input_19,0.177403
output_33,8,input_9,0.175269
output_33,9,input_10,0.175066
output_33,10,input_14,0.160191
output_33,11,input_7,0.157229
output_33,12,input_13,0.153228
output_33,13,input_6,0.151761
output_33,14,input_15,0.119751
output_33,15,input_16,0.118757
output_33,16,input_20,0.116627
output_33,17,input_21,0.116070
output_33,18,input_26,0.107032
output_33,19,input_27,0.102615
output_33,20,input_12,0.094633
output_33,21,input_11,0.094152
output_33,22,input_28,0.092991
output_33,23,input_29,0.087043
output_33,24,input_23,0.086321
output_33,25,input_22,0.085837
output_33,26,input_17,0.067068
output_33,27,input_31,0.066868
output_33,28,input_30,0.066238
output_33,29,input_18,0.065567
output_33,30,input_24,0.050851
output_33,31,input_25,0.050607
output_33,32,input_32,0.041496
output_33,33,input_33,0.040301
output_34,1,input_1,0.603209
output_34,2,input_3,0.334639
output_34,3,input_2,0.331692
output_34,4,input_8,0.286502
output_34,5,input_4,0.273363
output_34,6,input_5,0.267904
output_34,7,input_9,0.174925
output_34,8,input_10,0.173584
output_34,9,input_19,0.171326
output_34,10,input_7,0.160173
output_34,11,input_6,0.154887
output_34,12,input_14,0.153730
output_34,13,input_13,0.152557
output_34,14,input_15,0.119909
output_34,15,input_16,0.119153
output_34,16,input_20,0.114983
output_34,17,input_21,0.114527
output_34,18,input_26,0.102667
output_34,19,input_27,0.102641
output_34,20,input_12,0.096224
output_34,21,input_11,0.095794
output_34,22,input_28,0.092675
output_34,23,input_23,0.087706
output_34,24,input_22,0.086901
output_34,25,input_29,0.086121
output_34,26,input_17,0.067973
output_34,27,input_31,0.067335
output_34,28,input_30,0.066812
output_34,29,input_18,0.066494
output_34,30,input_25,0.050940
output_34,31,input_24,0.050864
output_34,32,input_32,0.041251
output_34,33,input_33,0.040191
output_35,1,input_1,0.590583
output_35,2,input_3,0.328956
output_35,3,input_2,0.328275
output_35,4,input_8,0.287077
output_35,5,input_4,0.278731
output_35,6,input_5,0.263861
output_35,7,input_9,0.175454
output_35,8,input_10,0.174827
output_35,9,input_19,0.172413
output_35,10,input_7,0.158619
output_35,11,input_14,0.157161
output_35,12,input_6,0.153094
output_35,13,input_13,0.150207
output_35,14,input_15,0.120680
output_35,15,input_16,0.119318
output_35,16,input_20,0.116112
output_35,17,input_21,0.115444
output_35,18,input_26,0.105554
output_35,19,input_27,0.101226
output_35,20,input_12,0.095695
output_35,21,input_11,0.094643
output_35,22,input_28,0.093599
output_35,23,input_23,0.087302
output_35,24,input_29,0.087007
output_35,25,input_22,0.086885
output_35,26,input_17,0.068257
output_35,27,input_31,0.067899
output_35,28,input_30,0.067261
output_35,29,input_18,0.066823
output_35,30,input_24,0.051452
output_35,31,input_25,0.051427
output_35,32,input_32,0.041943
output_35,33,input_33,0.040589
output_36,1,input_1,0.601645
output_36,2,input_2,0.334509
output_36,3,input_3,0.330160
output_36,4,input_8,0.291280
output_36,5,input_4,0.287808
output_36,6,input_5,0.264638
output_36,7,input_9,0.176882
output_36,8,input_10,0.176270
output_36,9,input_19,0.173996
output_36,10,input_14,0.160470
output_36,11,input_7,0.160404
output_36,12,input_6,0.154585
output_36,13,input_13,0.151903
output_36,14,input_15,0.121747
output_36,15,input_16,0.120614
output_36,16,input_20,0.116849
output_36,17,input_21,0.115419
output_36,18,input_26,0.107213
output_36,19,input_27,0.102191
output_36,20,input_12,0.097109
output_36,21,input_11,0.095789
output_36,22,input_28,0.093565
output_36,23,input_22,0.087820
output_36,24,input_29,0.087810
output_36,25,input_23,0.087101
output_36,26,input_17,0.068663
output_36,27,input_31,0.068324
output_36,28,input_18,0.067489
output_36,29,input_30,0.067262
output_36,30,input_24,0.051704
output_36,31,input_25,0.051690
output_36,32,input_32,0.041824
output_36,33,input_33,0.040780
output_37,1,input_1,0.588245
output_37,2,input_3,0.319640
output_37,3,input_2,0.318387
output_37,4,input_4,0.288177
output_37,5,input_8,0.283842
output_37,6,input_5,0.245559
output_37,7,input_19,0.169580
output_37,8,input_9,0.169486
output_37,9,input_10,0.168418
output_37,10,input_14,0.158239
output_37,11,input_7,0.153809
output_37,12,input_6,0.148181
output_37,13,input_13,0.141315
output_37,14,input_15,0.116636
output_37,15,input_16,0.114871
output_37,16,input_21,0.112119
output_37,17,input_20,0.111839
output_37,18,input_26,0.105231
output_37,19,input_27,0.096419
output_37,20,input_12,0.093111
output_37,21,input_11,0.093102
output_37,22,input_28,0.090098
output_37,23,input_23,0.084694
output_37,24,input_29,0.084184
output_37,25,input_22,0.083829
output_37,26,input_17,0.066305
output_37,27,input_31,0.065280
output_37,28,input_18,0.064782
output_37,29,input_30,0.064710
output_37,30,input_24,0.050189
output_37,31,input_25,0.049848
output_37,32,input_32,0.040850
output_37,33,input_33,0.039640
output_38,1,input_1,0.569190
output_38,2,input_2,0.316488
output_38,3,input_3,0.313574
output_38,4,input_8,0.275725
output_38,5,input_5,0.264591
output_38,6,input_4,0.255671
output_38,7,input_9,0.167578
output_38,8,input_10,0.167143
output_38,9,input_19,0.166375
output_38,10,input_7,0.153171
output_38,11,input_13,0.149202
output_38,12,input_6,0.147297
output_38,13,input_14,0.144997
output_38,14,input_15,0.115283
output_38,15,input_16,0.114380
output_38,16,input_20,0.111538
output_38,17,input_21,0.111038
output_38,18,input_27,0.100426
output_38,19,input_26,0.100227
output_38,20,input_11,0.093470
output_38,21,input_12,0.092590
output_38,22,input_28,0.089875
output_38,23,input_23,0.084380
output_38,24,input_22,0.084066
output_38,25,input_29,0.083864
output_38,26,input_17,0.066392
output_38,27,input_31,0.066222
output_38,28,input_18,0.065453
output_38,29,input_30,0.065313
output_38,30,input_24,0.050797
output_38,31,input_25,0.050763
output_38,32,input_32,0.041302
output_38,33,input_33,0.040260
output_39,1,input_1,0.570388
output_39,2,input_3,0.316209
output_39,3,input_2,0.314702
output_39,4,input_8,0.275492
output_39,5,input_5,0.261728
output_39,6,input_4,0.258842
output_39,7,input_9,0.168131
output_39,8,input_10,0.167886
output_39,9,input_19,0.166340
output_39,10,input_7,0.153208
output_39,11,input_6,0.151371
output_39,12,input_13,0.148807
output_39,13,input_14,0.147387
output_39,14,input_16,0.115748
output_39,15,input_15,0.115690
output_39,16,input_20,0.112723
output_39,17,input_21,0.110592
output_39,18,input_26,0.100216
output_39,19,input_27,0.099358
output_39,20,input_12,0.093301
output_39,21,input_11,0.092488
output_39,22,input_28,0.090710
output_39,23,input_23,0.084997
output_39,24,input_22,0.084522
output_39,25,input_29,0.083788
output_39,26,input_17,0.066953
output_39,27,input_31,0.066160
output_39,28,input_30,0.065606
output_39,29,input_18,0.065338
output_39,30,input_24,0.050384
output_39,31,input_25,0.050377
output_39,32,input_32,0.041394
output_39,33,input_33,0.040002
output_40,1,input_1,0.575509
output_40,2,input_3,0.317281
output_40,3,input_2,0.316614
output_40,4,input_4,0.281134
output_40,5,input_8,0.278655
output_40,6,input_5,0.244978
output_40,7,input_10,0.169324
output_40,8,input_9,0.169122
output_40,9,input_19,0.168254
output_40,10,input_14,0.156041
output_40,11,input_7,0.155692
output_40,12,input_6,0.149157
output_40,13,input_13,0.142236
output_40,14,input_15,0.117883
output_40,15,input_16,0.116654
output_40,16,input_20,0.112885
output_40,17,input_21,0.112138
output_40,18,input_26,0.105142
output_40,19,input_27,0.098107
output_40,20,input_12,0.094979
output_40,21,input_11,0.093731
output_40,22,input_28,0.091565
output_40,23,input_23,0.085825
output_40,24,input_22,0.085796
output_40,25,input_29,0.085509
output_40,26,input_17,0.067933
output_40,27,input_31,0.067362
output_40,28,input_30,0.066873
output_40,29,input_18,0.066745
output_40,30,input_24,0.051559
output_40,31,input_25,0.051386
output_40,32,input_32,0.042402
output_40,33,input_33,0.041047
output_41,1,input_1,0.560802
output_41,2,input_2,0.309132
output_41,3,input_3,0.307979
output_41,4,input_8,0.269070
output_41,5,input_5,0.256507
output_41,6,input_4,0.250252
output_41,7,input_10,0.165236
output_41,8,input_9,0.164006
output_41,9,input_19,0.162749
output_41,10,input_7,0.153755
output_41,11,input_13,0.145529
output_41,12,input_6,0.145393
output_41,13,input_14,0.143387
output_41,14,input_15,0.115636
output_41,15,input_16,0.112970
output_41,16,input_20,0.110125
output_41,17,input_21,0.108637
output_41,18,input_26,0.098849
output_41,19,input_27,0.098127
output_41,20,input_11,0.093579
output_41,21,input_12,0.092789
output_41,22,input_28,0.089245
output_41,23,input_23,0.084266
output_41,24,input_29,0.083863
output_41,25,input_22,0.083672
output_41,26,input_17,0.067150
output_41,27,input_31,0.066392
output_41,28,input_30,0.065748
output_41,29,input_18,0.065748
output_41,30,input_25,0.051181
output_41,31,input_24,0.050965
output_41,32,input_32,0.041954
output_41,33,input_33,0.040627
output_42,1,input_1,0.552003
output_42,2,input_2,0.301413
output_42,3,input_3,0.300027
output_42,4,input_8,0.266480
output_42,5,input_5,0.265540
output_42,6,input_4,0.230645
output_42,7,input_19,0.160874
output_42,8,input_9,0.160544
output_42,9,input_10,0.160281
output_42,10,input_7,0.151511
output_42,11,input_13,0.147851
output_42,12,input_6,0.141572
output_42,13,input_14,0.135556
output_42,14,input_15,0.113374
output_42,15,input_16,0.110541
output_42,16,input_20,0.107969
output_42,17,input_21,0.106807
output_42,18,input_27,0.099390
output_42,19,input_26,0.094589
output_42,20,input_12,0.091184
output_42,21,input_11,0.090830
output_42,22,input_28,0.087920
output_42,23,input_22,0.082983
output_42,24,input_29,0.082484
output_42,25,input_23,0.082180
output_42,26,input_17,0.065963
output_42,27,input_18,0.065218
output_42,28,input_31,0.065136
output_42,29,input_30,0.064972
output_42,30,input_25,0.050402
output_42,31,input_24,0.050338
output_42,32,input_32,0.041257
output_42,33,input_33,0.040427
output_43,1,input_1,0.536121
output_43,2,input_3,0.299657
output_43,3,input_2,0.299192
output_43,4,input_8,0.261764
output_43,5,input_5,0.250335
output_43,6,input_4,0.246736
output_43,7,input_9,0.162596
output_43,8,input_19,0.160899
output_43,9,input_10,0.159914
output_43,10,input_7,0.153078
output_43,11,input_6,0.143373
output_43,12,input_13,0.142415
output_43,13,input_14,0.141667
output_43,14,input_15,0.115116
output_43,15,input_16,0.112833
output_43,16,input_21,0.109132
output_43,17,input_20,0.108953
output_43,18,input_26,0.098911
output_43,19,input_27,0.097632
output_43,20,input_12,0.093570
output_43,21,input_11,0.092857
output_43,22,input_28,0.089491
output_43,23,input_22,0.084928
output_43,24,input_23,0.084808
output_43,25,input_29,0.084579
output_43,26,input_17,0.068351
output_43,27,input_31,0.067626
output_43,28,input_18,0.067016
output_43,29,input_30,0.066613
output_43,30,input_25,0.052458
output_43,31,input_24,0.052380
output_43,32,input_32,0.043199
output_43,33,input_33,0.041544
output_44,1,input_1,0.543092
output_44,2,input_2,0.304024
output_44,3,input_3,0.303993
output_44,4,input_8,0.265624
output_44,5,input_4,0.259018
output_44,6,input_5,0.246417
output_44,7,input_9,0.165308
output_44,8,input_10,0.164211
output_44,9,input_19,0.162509
output_44,10,input_7,0.150456
output_44,11,input_14,0.145709
output_44,12,input_6,0.143907
output_44,13,input_13,0.142142
output_44,14,input_15,0.114708
output_44,15,input_16,0.113501
output_44,16,input_21,0.110029
output_44,17,input_20,0.109776
output_44,18,input_26,0.100470
output_44,19,input_27,0.097157
output_44,20,input_12,0.092219
output_44,21,input_11,0.091762
output_44,22,input_28,0.090100
output_44,23,input_29,0.084537
output_44,24,input_22,0.084471
output_44,25,input_23,0.084181
output_44,26,input_17,0.067385
output_44,27,input_31,0.067049
output_44,28,input_18,0.066053
output_44,29,input_30,0.065977
output_44,30,input_25,0.051650
output_44,31,input_24,0.051582
output_44,32,input_32,0.042626
output_44,33,input_33,0.041094
output_45,1,input_1,0.549548
output_45,2,input_3,0.307972
output_45,3,input_2,0.306592
output_45,4,input_8,0.268170
output_45,5,input_4,0.258766
output_45,6,input_5,0.253575
output_45,7,input_9,0.164611
output_45,8,input_10,0.164244
output_45,9,input_19,0.162238
output_45,10,input_7,0.151731
output_45,11,input_14,0.145315
output_45,12,input_6,0.144259
output_45,13,input_13,0.143411
output_45,14,input_15,0.114719
output_45,15,input_16,0.113513
output_45,16,input_21,0.109518
output_45,17,input_20,0.109044
output_45,18,input_26,0.099242
output_45,19,input_27,0.096803
output_45,20,input_12,0.091481
output_45,21,input_11,0.090878
output_45,22,input_28,0.089131
output_45,23,input_23,0.083625
output_45,24,input_29,0.083517
output_45,25,input_22,0.083129
output_45,26,input_17,0.065969
output_45,27,input_31,0.065934
output_45,28,input_18,0.065078
output_45,29,input_30,0.064850
output_45,30,input_24,0.050081
output_45,31,input_25,0.049995
output_45,32,input_32,0.041085
output_45,33,input_33,0.039775
output_46,1,input_1,0.535648
output_46,2,input_2,0.294488
output_46,3,input_3,0.287450
output_46,4,input_8,0.253806
output_46,5,input_4,0.239752
output_46,6,input_5,0.238362
output_46,7,input_10,0.154720
output_46,8,input_19,0.154251
output_46,9,input_9,0.153692
output_46,10,input_7,0.146376
output_46,11,input_6,0.139859
output_46,12,input_14,0.136409
output_46,13,input_13,0.136091
output_46,14,input_15,0.108181
output_46,15,input_16,0.107993
output_46,16,input_20,0.104509
output_46,17,input_21,0.103216
output_46,18,input_26,0.093850
output_46,19,input_27,0.093242
output_46,20,input_11,0.089809
output_46,21,input_12,0.089588
output_46,22,input_28,0.085048
output_46,23,input_22,0.080643
output_46,24,input_23,0.080431
output_46,25,input_29,0.079178
output_46,26,input_17,0.064810
output_46,27,input_18,0.063965
output_46,28,input_31,0.063754
output_46,29,input_30,0.063217
output_46,30,input_24,0.049499
output_46,31,input_25,0.049465
output_46,32,input_32,0.040561
output_46,33,input_33,0.039356
output_47,1,input_1,0.552415
output_47,2,input_2,0.302586
output_47,3,input_3,0.301273
output_47,4,input_8,0.265634
output_47,5,input_4,0.256570
output_47,6,input_5,0.246879
output_47,7,input_19,0.161675
output_47,8,input_10,0.161128
output_47,9,input_9,0.161030
output_47,10,input_7,0.150221
output_47,11,input_14,0.144553
output_47,12,input_6,0.144140
output_47,13,input_13,0.140192
output_47,14,input_15,0.113168
output_47,15,input_16,0.111943
output_47,16,input_20,0.108466
output_47,17,input_21,0.107580
output_47,18,input_26,0.099783
output_47,19,input_27,0.096330
output_47,20,input_12,0.092590
output_47,21,input_11,0.092253
output_47,22,input_28,0.088067
output_47,23,input_22,0.083348
output_47,24,input_23,0.083222
output_47,25,input_29,0.082647
output_47,26,input_17,0.066732
output_47,27,input_30,0.066012
output_47,28,input_18,0.065997
output_47,29,input_31,0.065587
output_47,30,input_24,0.051412
output_47,31,input_25,0.051232
output_47,32,input_32,0.042133
output_47,33,input_33,0.041049
output_48,1,input_1,0.537116
output_48,2,input_2,0.301866
output_48,3,input_3,0.297137
output_48,4,input_5,0.265057
output_48,5,input_8,0.254871
output_48,6,input_4,0.211257
output_48,7,input_10,0.157521
output_48,8,input_9,0.156551
output_48,9,input_19,0.153826
output_48,10,input_7,0.147229
output_48,11,input_13,0.146204
output_48,12,input_6,0.141694
output_48,13,input_14,0.125134
output_48,14,input_15,0.109945
output_48,15,input_16,0.109258
output_48,16,input_20,0.104704
output_48,17,input_21,0.103839
output_48,18,input_27,0.097553
output_48,19,input_11,0.089826
output_48,20,input_12,0.089799
output_48,21,input_26,0.087862
output_48,22,input_28,0.085055
output_48,23,input_23,0.080858
output_48,24,input_22,0.080451
output_48,25,input_29,0.079585
output_48,26,input_17,0.064556
output_48,27,input_18,0.063563
output_48,28,input_31,0.063559
output_48,29,input_30,0.062778
output_48,30,input_24,0.048953
output_48,31,input_25,0.048764
output_48,32,input_32,0.040191
output_48,33,input_33,0.038910
output_49,1,input_1,0.536114
output_49,2,input_2,0.298254
output_49,3,input_3,0.294161
output_49,4,input_8,0.261721
output_49,5,input_5,0.251423
output_49,6,input_4,0.239391
output_49,7,input_10,0.159314
output_49,8,input_9,0.159197
output_49,9,input_19,0.158769
output_49,10,input_7,0.146616
output_49,11,input_6,0.142221
output_49,12,input_13,0.141745
output_49,13,input_14,0.137291
output_49,14,input_15,0.110683
output_49,15,input_16,0.110200
output_49,16,input_20,0.106783
output_49,17,input_21,0.105766
output_49,18,input_27,0.096246
output_49,19,input_26,0.095236
output_49,20,input_12,0.090133
output_49,21,input_11,0.088948
output_49,22,input_28,0.087168
output_49,23,input_23,0.081678
output_49,24,input_22,0.081597
output_49,25,input_29,0.081555
output_49,26,input_17,0.064930
output_49,27,input_31,0.064656
output_49,28,input_18,0.064191
output_49,29,input_30,0.063773
output_49,30,input_25,0.049839
output_49,31,input_24,0.049443
output_49,32,input_32,0.040803
output_49,33,input_33,0.039796
output_50,1,input_1,0.508899
output_50,2,input_3,0.286417
output_50,3,input_2,0.284775
output_50,4,input_4,0.246743
output_50,5,input_8,0.244258
output_50,6,input_5,0.217108
output_50,7,input_9,0.152068
output_50,8,input_10,0.152004
output_50,9,input_19,0.149806
output_50,10,input_7,0.142595
output_50,11,input_14,0.138159
output_50,12,input_6,0.136630
output_50,13,input_13,0.126898
output_50,14,input_15,0.107178
output_50,15,input_16,0.105839
output_50,16,input_20,0.101791
output_50,17,input_21,0.100756
output_50,18,input_26,0.094076
output_50,19,input_12,0.089042
output_50,20,input_27,0.088424
output_50,21,input_11,0.087004
output_50,22,input_28,0.083601
output_50,23,input_22,0.079526
output_50,24,input_23,0.079192
output_50,25,input_29,0.078046
output_50,26,input_17,0.063580
output_50,27,input_31,0.062704
output_50,28,input_30,0.062607
output_50,29,input_18,0.062536
output_50,30,input_24,0.048781
output_50,31,input_25,0.048500
output_50,32,input_32,0.040008
output_50,33,input_33,0.038702
output_51,1,input_1,0.543095
output_51,2,input_3,0.300147
output_51,3,input_2,0.294949
output_51,4,input_8,0.267552
output_51,5,input_5,0.258647
output_51,6,input_4,0.248385
output_51,7,input_9,0.162575
output_51,8,input_19,0.161734
output_51,9,input_10,0.159425
output_51,10,input_13,0.145617
output_51,11,input_7,0.145478
output_51,12,input_14,0.141579
output_51,13,input_6,0.139566
output_51,14,input_15,0.111189
output_51,15,input_16,0.110747
output_51,16,input_20,0.107829
output_51,17,input_21,0.107673
output_51,18,input_27,0.097636
output_51,19,input_26,0.097305
output_51,20,input_12,0.089140
output_51,21,input_11,0.088689
output_51,22,input_28,0.087327
output_51,23,input_29,0.081788
output_51,24,input_23,0.081411
output_51,25,input_22,0.081144
output_51,26,input_17,0.064455
output_51,27,input_31,0.064092
output_51,28,input_18,0.063676
output_51,29,input_30,0.063232
output_51,30,input_25,0.049368
output_51,31,input_24,0.049326
output_51,32,input_32,0.040691
output_51,33,input_33,0.039709
output_52,1,input_1,0.531437
output_52,2,input_3,0.294768
output_52,3,input_2,0.292254
output_52,4,input_8,0.256205
output_52,5,input_5,0.255982
output_52,6,input_4,0.228452
output_52,7,input_9,0.156818
output_52,8,input_10,0.156418
output_52,9,input_19,0.154873
output_52,10,input_7,0.144555
output_52,11,input_13,0.143466
output_52,12,input_6,0.139470
output_52,13,input_14,0.132238
output_52,14,input_15,0.109789
output_52,15,input_16,0.108323
output_52,16,input_20,0.104884
output_52,17,input_21,0.103922
output_52,18,input_27,0.096045
output_52,19,input_26,0.092234
output_52,20,input_12,0.088462
output_52,21,input_11,0.087765
output_52,22,input_28,0.084602
output_52,23,input_23,0.079971
output_52,24,input_22,0.079787
output_52,25,input_29,0.079380
output_52,26,input_17,0.063345
output_52,27,input_31,0.062878
output_52,28,input_30,0.062675
output_52,29,input_18,0.062323
output_52,30,input_24,0.048318
output_52,31,input_25,0.048091
output_52,32,input_32,0.039642
output_52,33,input_33,0.038231
output_53,1,input_1,0.535641
output_53,2,input_2,0.298850
output_53,3,input_3,0.291863
output_53,4,input_4,0.262866
output_53,5,input_8,0.262771
output_53,6,input_5,0.238791
output_53,7,input_9,0.160409
output_53,8,input_10,0.160173
output_53,9,input_19,0.159962
output_53,10,input_14,0.147476
output_53,11,input_7,0.145254
output_53,12,input_6,0.140312
output_53,13,input_13,0.138301
output_53,14,input_15,0.111200
output_53,15,input_16,0.110787
output_53,16,input_20,0.108236
output_53,17,input_21,0.107751
output_53,18,input_26,0.100413
output_53,19,input_27,0.095069
output_53,20,input_11,0.090488
output_53,21,input_12,0.090282
output_53,22,input_28,0.088071
output_53,23,input_29,0.082684
output_53,24,input_23,0.082518
output_53,25,input_22,0.082296
output_53,26,input_17,0.065838
output_53,27,input_31,0.065241
output_53,28,input_18,0.065007
output_53,29,input_30,0.064844
output_53,30,input_25,0.050719
output_53,31,input_24,0.050713
output_53,32,input_32,0.042194
output_53,33,input_33,0.040701
output_54,1,input_1,0.496670
output_54,2,input_2,0.276117
output_54,3,input_3,0.274387
output_54,4,input_8,0.242896
output_54,5,input_4,0.237288
output_54,6,input_5,0.217718
output_54,7,input_9,0.148742
output_54,8,input_19,0.148418
output_54,9,input_10,0.147564
output_54,10,input_7,0.137768
output_54,11,input_14,0.134444
output_54,12,input_6,0.132291
output_54,13,input_13,0.127494
output_54,14,input_15,0.104168
output_54,15,input_16,0.102988
output_54,16,input_20,0.100180
output_54,17,input_21,0.100022
output_54,18,input_26,0.092474
output_54,19,input_27,0.088075
output_54,20,input_11,0.085327
output_54,21,input_12,0.085246
output_54,22,input_28,0.081636
output_54,23,input_23,0.077475
output_54,24,input_29,0.077100
output_54,25,input_22,0.077088
output_54,26,input_17,0.062085
output_54,27,input_31,0.061276
output_54,28,input_30,0.060884
output_54,29,input_18,0.060860
output_54,30,input_25,0.047659
output_54,31,input_24,0.047536
output_54,32,input_32,0.039313
output_54,33,input_33,0.038083
output_55,1,input_1,0.502041
output_55,2,input_2,0.279857
output_55,3,input_3,0.278987
output_55,4,input_8,0.245109
output_55,5,input_4,0.230018
output_55,6,input_5,0.228187
output_55,7,input_9,0.151122
output_55,8,input_10,0.150940
output_55,9,input_19,0.149925
output_55,10,input_7,0.140831
output_55,11,input_6,0.137567
output_55,12,input_13,0.133131
output_55,13,input_14,0.132861
output_55,14,input_15,0.106805
output_55,15,input_16,0.106157
output_55,16,input_20,0.102334
output_55,17,input_21,0.101283
output_55,18,input_26,0.092827
output_55,19,input_27,0.091479
output_55,20,input_12,0.087879
output_55,21,input_11,0.086802
output_55,22,input_28,0.084259
output_55,23,input_23,0.079611
output_55,24,input_22,0.079347
output_55,25,input_29,0.079188
output_55,26,input_17,0.063870
output_55,27,input_31,0.063086
output_55,28,input_30,0.062893
output_55,29,input_18,0.062684
output_55,30,input_24,0.048891
output_55,31,input_25,0.048856
output_55,32,input_32,0.040541
output_55,33,input_33,0.039481
output_56,1,input_1,0.510674
output_56,2,input_3,0.283111
output_56,3,input_2,0.280333
output_56,4,input_8,0.248506
output_56,5,input_5,0.236758
output_56,6,input_4,0.228314
output_56,7,input_9,0.152660
output_56,8,input_19,0.151853
output_56,9,input_10,0.151736
output_56,10,input_7,0.141523
output_56,11,input_6,0.137451
output_56,12,input_13,0.136049
output_56,13,input_14,0.132446
output_56,14,input_15,0.108030
output_56,15,input_16,0.106522
output_56,16,input_20,0.103312
output_56,17,input_21,0.103164
output_56,18,input_27,0.092953
output_56,19,input_26,0.092606
output_56,20,input_12,0.087986
output_56,21,input_11,0.087868
output_56,22,input_28,0.084884
output_56,23,input_22,0.080126
output_56,24,input_23,0.079927
output_56,25,input_29,0.079662
output_56,26,input_17,0.064417
output_56,27,input_31,0.063823
output_56,28,input_18,0.063062
output_56,29,input_30,0.063044
output_56,30,input_25,0.049785
output_56,31,input_24,0.049359
output_56,32,input_32,0.040761
output_56,33,input_33,0.039664
output_57,1,input_1,0.510882
output_57,2,input_2,0.281211
output_57,3,input_3,0.280902
output_57,4,input_8,0.248276
output_57,5,input_5,0.237462
output_57,6,input_4,0.224993
output_57,7,input_19,0.151630
output_57,8,input_9,0.151296
output_57,9,input_10,0.151184
output_57,10,input_7,0.141022
output_57,11,input_13,0.136317
output_57,12,input_6,0.135212
output_57,13,input_14,0.130591
output_57,14,input_15,0.107249
output_57,15,input_16,0.105221
output_57,16,input_20,0.102668
output_57,17,input_21,0.101949
output_57,18,input_27,0.092926
output_57,19,input_26,0.091299
output_57,20,input_12,0.087682
output_57,21,input_11,0.087483
output_57,22,input_28,0.083674
output_57,23,input_22,0.079336
output_57,24,input_23,0.078975
output_57,25,input_29,0.078409
output_57,26,input_17,0.063780
output_57,27,input_31,0.063026
output_57,28,input_18,0.062832
output_57,29,input_30,0.062602
output_57,30,input_25,0.048984
output_57,31,input_24,0.048902
output_57,32,input_32,0.040731
output_57,33,input_33,0.039232
output_58,1,input_1,0.498273
output_58,2,input_3,0.280887
output_58,3,input_2,0.275626
output_58,4,input_8,0.245149
output_58,5,input_5,0.235231
output_58,6,input_4,0.231338
output_58,7,input_9,0.151767
output_58,8,input_10,0.150271
output_58,9,input_19,0.149227
output_58,10,input_7,0.136987
output_58,11,input_6,0.134032
output_58,12,input_13,0.133551
output_58,13,input_14,0.131464
output_58,14,input_15,0.105348
output_58,15,input_16,0.104675
output_58,16,input_21,0.101188
output_58,17,input_20,0.100463
output_58,18,input_27,0.090958
output_58,19,input_26,0.090680
output_58,20,input_11,0.084554
output_58,21,input_12,0.084529
output_58,22,input_28,0.082532
output_58,23,input_23,0.077751
output_58,24,input_22,0.077242
output_58,25,input_29,0.077186
output_58,26,input_17,0.061567
output_58,27,input_31,0.061337
output_58,28,input_30,0.060756
output_58,29,input_18,0.060625
output_58,30,input_24,0.047303
output_58,31,input_25,0.047228
output_58,32,input_32,0.038889
output_58,33,input_33,0.037626
output_59,1,input_1,0.501550
output_59,2,input_2,0.282680
output_59,3,input_3,0.278620
output_59,4,input_8,0.243612
output_59,5,input_4,0.232545
output_59,6,input_5,0.226081
output_59,7,input_10,0.150785
output_59,8,input_9,0.150700
output_59,9,input_19,0.149157
output_59,10,input_7,0.143914
output_59,11,input_6,0.134856
output_59,12,input_14,0.132133
output_59,13,input_13,0.130175
output_59,14,input_15,0.106901
output_59,15,input_16,0.105742
output_59,16,input_20,0.101344
output_59,17,input_21,0.100967
output_59,18,input_26,0.092185
output_59,19,input_27,0.090296
output_59,20,input_12,0.087822
output_59,21,input_11,0.087561
output_59,22,input_28,0.083677
output_59,23,input_22,0.079217
output_59,24,input_23,0.079177
output_59,25,input_29,0.078485
output_59,26,input_17,0.064080
output_59,27,input_31,0.063288
output_59,28,input_18,0.063073
output_59,29,input_30,0.062954
output_59,30,input_25,0.049052
output_59,31,input_24,0.048974
output_59,32,input_32,0.040222
output_59,33,input_33,0.039279
output_60,1,input_1,0.460933
output_60,2,input_2,0.259786
output_60,3,input_3,0.254672
output_60,4,input_8,0.218233
output_60,5,input_4,0.208612
output_60,6,input_5,0.200949
output_60,7,input_10,0.136579
output_60,8,input_9,0.135279
output_60,9,input_19,0.133744
output_60,10,input_7,0.131503
output_60,11,input_6,0.125349
output_60,12,input_14,0.119470
output_60,13,input_13,0.116573
output_60,14,input_15,0.097385
output_60,15,input_16,0.095891
output_60,16,input_20,0.092070
output_60,17,input_21,0.090947
output_60,18,input_26,0.083265
output_60,19,input_12,0.081443
output_60,20,input_11,0.081114
output_60,21,input_27,0.080902
output_60,22,input_28,0.075934
output_60,23,input_23,0.072410
output_60,24,input_22,0.072176
output_60,25,input_29,0.071299
output_60,26,input_17,0.059063
output_60,27,input_18,0.057832
output_60,28,input_31,0.057821
output_60,29,input_30,0.057143
output_60,30,input_24,0.045252
output_60,31,input_25,0.045220
output_60,32,input_32,0.036748
output_60,33,input_33,0.035943
output_61,1,input_1,0.494460
output_61,2,input_3,0.272641
output_61,3,input_2,0.271947
output_61,4,input_8,0.240973
output_61,5,input_5,0.227351
output_61,6,input_4,0.224456
output_61,7,input_19,0.148511
output_61,8,input_9,0.148380
output_61,9,input_10,0.147625
output_61,10,input_7,0.138989
output_61,11,input_6,0.132633
output_61,12,input_14,0.130704
output_61,13,input_13,0.130633
output_61,14,input_15,0.105146
output_61,15,input_16,0.103522
output_61,16,input_20,0.100613
output_61,17,input_21,0.100162
output_61,18,input_26,0.091323
output_61,19,input_27,0.090244
output_61,20,input_11,0.086152
output_61,21,input_12,0.086145
output_61,22,input_28,0.082582
output_61,23,input_23,0.078040
output_61,24,input_22,0.077842
output_61,25,input_29,0.077758
output_61,26,input_17,0.063382
output_61,27,input_18,0.062659
output_61,28,input_31,0.062614
output_61,29,input_30,0.062026
output_61,30,input_24,0.049000
output_61,31,input_25,0.048843
output_61,32,input_32,0.040566
output_61,33,input_33,0.039200
output_62,1,input_1,0.485343
output_62,2,input_3,0.267664
output_62,3,input_2,0.266580
output_62,4,input_8,0.235779
output_62,5,input_4,0.221017
output_62,6,input_5,0.216389
output_62,7,input_19,0.144923
output_62,8,input_10,0.144375
output_62,9,input_9,0.144231
output_62,10,input_7,0.137265
output_62,11,input_6,0.130416
output_62,12,input_14,0.127916
output_62,13,input_13,0.126723
output_62,14,input_15,0.103656
output_62,15,input_16,0.101492
output_62,16,input_20,0.098518
output_62,17,input_21,0.098021
output_62,18,input_26,0.090188
output_62,19,input_27,0.088103
output_62,20,input_11,0.085858
output_62,21,input_12,0.085391
output_62,22,input_28,0.081424
output_62,23,input_23,0.077603
output_62,24,input_22,0.077223
output_62,25,input_29,0.076326
output_62,26,input_17,0.063150
output_62,27,input_31,0.061933
output_62,28,input_18,0.061716
output_62,29,input_30,0.061714
output_62,30,input_24,0.048635
output_62,31,input_25,0.048452
output_62,32,input_32,0.040438
output_62,33,input_33,0.039028
output_63,1,input_1,0.463802
output_63,2,input_2,0.258977
output_63,3,input_3,0.257908
output_63,4,input_8,0.223755
output_63,5,input_5,0.213313
output_63,6,input_4,0.212556
output_63,7,input_10,0.139327
output_63,8,input_9,0.139234
output_63,9,input_19,0.138244
output_63,10,input_7,0.130840
output_63,11,input_6,0.125696
output_63,12,input_13,0.123153
output_63,13,input_14,0.122015
output_63,14,input_15,0.098844
output_63,15,input_16,0.097441
output_63,16,input_20,0.094212
output_63,17,input_21,0.094117
output_63,18,input_26,0.085363
output_63,19,input_27,0.085038
output_63,20,input_12,0.082039
output_63,21,input_11,0.081453
output_63,22,input_28,0.077890
output_63,23,input_22,0.073839
output_63,24,input_23,0.073306
output_63,25,input_29,0.072940
output_63,26,input_17,0.059539
output_63,27,input_31,0.058858
output_63,28,input_18,0.058438
output_63,29,input_30,0.058320
output_63,30,input_25,0.045792
output_63,31,input_24,0.045714
output_63,32,input_32,0.037651
output_63,33,input_33,0.036505
output_64,1,input_1,0.490974
output_64,2,input_3,0.276138
output_64,3,input_2,0.275454
output_64,4,input_8,0.239296
output_64,5,input_5,0.236963
output_64,6,input_4,0.214475
output_64,7,input_9,0.149192
output_64,8,input_10,0.148678
output_64,9,input_19,0.147596
output_64,10,input_7,0.139756
output_64,11,input_6,0.135052
output_64,12,input_13,0.134092
output_64,13,input_14,0.125732
output_64,14,input_15,0.107132
output_64,15,input_16,0.104824
output_64,16,input_20,0.101302
output_64,17,input_21,0.101010
output_64,18,input_27,0.092913
output_64,19,input_26,0.089867
output_64,20,input_12,0.088539
output_64,21,input_11,0.087239
output_64,22,input_28,0.083571
output_64,23,input_22,0.079624
output_64,24,input_23,0.079036
output_64,25,input_29,0.078375
output_64,26,input_17,0.064410
output_64,27,input_18,0.063470
output_64,28,input_31,0.063417
output_64,29,input_30,0.062883
output_64,30,input_25,0.049709
output_64,31,input_24,0.049693
output_64,32,input_32,0.040953
output_64,33,input_33,0.039706
output_65,1,input_1,0.486287
output_65,2,input_2,0.270146
output_65,3,input_3,0.267781
output_65,4,input_8,0.236200
output_65,5,input_4,0.224483
output_65,6,input_5,0.221169
output_65,7,input_10,0.147868
output_65,8,input_19,0.145761
output_65,9,input_9,0.145211
output_65,10,input_7,0.135708
output_65,11,input_6,0.131542
output_65,12,input_14,0.128878
output_65,13,input_13,0.127353
output_65,14,input_15,0.103670
output_65,15,input_16,0.102726
output_65,16,input_20,0.100116
output_65,17,input_21,0.098319
output_65,18,input_26,0.090273
output_65,19,input_27,0.088343
output_65,20,input_12,0.084899
output_65,21,input_11,0.084292
output_65,22,input_28,0.081522
output_65,23,input_22,0.077227
output_65,24,input_29,0.077027
output_65,25,input_23,0.076971
output_65,26,input_17,0.062301
output_65,27,input_31,0.061409
output_65,28,input_18,0.061303
output_65,29,input_30,0.060998
output_65,30,input_24,0.047946
output_65,31,input_25,0.047927
output_65,32,input_32,0.039586
output_65,33,input_33,0.038369
output_66,1,input_1,0.479133
output_66,2,input_3,0.263863
output_66,3,input_2,0.261118
output_66,4,input_8,0.229918
output_66,5,input_4,0.220129
output_66,6,input_5,0.207777
output_66,7,input_19,0.141678
output_66,8,input_9,0.141319
output_66,9,input_10,0.140753
output_66,10,input_7,0.134598
output_66,11,input_6,0.129143
output_66,12,input_14,0.126483
output_66,13,input_13,0.122620
output_66,14,input_15,0.101829
output_66,15,input_16,0.099789
output_66,16,input_20,0.096626
output_66,17,input_21,0.096610
output_66,18,input_26,0.089112
output_66,19,input_27,0.086116
output_66,20,input_12,0.084784
output_66,21,input_11,0.084071
output_66,22,input_28,0.080261
output_66,23,input_23,0.076114
output_66,24,input_22,0.076056
output_66,25,input_29,0.075578
output_66,26,input_17,0.062204
output_66,27,input_18,0.061326
output_66,28,input_31,0.061322
output_66,29,input_30,0.060793
output_66,30,input_24,0.048406
output_66,31,input_25,0.048189
output_66,32,input_32,0.039804
output_66,33,input_33,0.038892
output_67,1,input_1,0.466609
output_67,2,input_3,0.260210
output_67,3,input_2,0.259779
output_67,4,input_8,0.225442
output_67,5,input_4,0.213108
output_67,6,input_5,0.211304
output_67,7,input_10,0.140326
output_67,8,input_9,0.140273
output_67,9,input_19,0.140096
output_67,10,input_7,0.133929
output_67,11,input_6,0.128337
output_67,12,input_14,0.124079
output_67,13,input_13,0.122977
output_67,14,input_15,0.101419
output_67,15,input_16,0.099774
output_67,16,input_20,0.096650
output_67,17,input_21,0.095803
output_67,18,input_26,0.087768
output_67,19,input_27,0.086208
output_67,20,input_12,0.084713
output_67,21,input_11,0.084207
output_67,22,input_28,0.080321
output_67,23,input_23,0.076290
output_67,24,input_22,0.076195
output_67,25,input_29,0.075287
output_67,26,input_17,0.062199
output_67,27,input_31,0.061374
output_67,28,input_18,0.061268
output_67,29,input_30,0.060837
output_67,30,input_25,0.048196
output_67,31,input_24,0.048146
output_67,32,input_32,0.039616
output_67,33,input_33,0.038745
output_68,1,input_1,0.476685
output_68,2,input_2,0.265521
output_68,3,input_3,0.264303
output_68,4,input_8,0.228551
output_68,5,input_5,0.216661
output_68,6,input_4,0.208791
output_68,7,input_10,0.142748
output_68,8,input_9,0.142737
output_68,9,input_19,0.141747
output_68,10,input_7,0.136078
output_68,11,input_6,0.130022
output_68,12,input_13,0.125053
output_68,13,input_14,0.122971
output_68,14,input_15,0.101819
output_68,15,input_16,0.100799
output_68,16,input_20,0.096623
output_68,17,input_21,0.096035
output_68,18,input_27,0.087698
output_68,19,input_26,0.086178
output_68,20,input_11,0.085303
output_68,21,input_12,0.085119
output_68,22,input_28,0.080334
output_68,23,input_23,0.076688
output_68,24,input_22,0.076435
output_68,25,input_29,0.074867
output_68,26,input_17,0.062299
output_68,27,input_31,0.061268
output_68,28,input_18,0.060970
output_68,29,input_30,0.060706
output_68,30,input_25,0.047787
output_68,31,input_24,0.047715
output_68,32,input_32,0.039477
output_68,33,input_33,0.038339
output_69,1,input_1,0.460287
output_69,2,input_2,0.256719
output_69,3,input_3,0.254561
output_69,4,input_8,0.219503
output_69,5,input_4,0.209499
output_69,6,input_5,0.202166
output_69,7,input_10,0.136249
output_69,8,input_9,0.135899
output_69,9,input_19,0.135284
output_69,10,input_7,0.130658
output_69,11,input_6,0.125621
output_69,12,input_14,0.121069
output_69,13,input_13,0.117721
output_69,14,input_15,0.097368
output_69,15,input_16,0.096455
output_69,16,input_20,0.092764
output_69,17,input_21,0.092243
output_69,18,input_26,0.084836
output_69,19,input_27,0.082195
output_69,20,input_12,0.081873
output_69,21,input_11,0.080880
output_69,22,input_28,0.076695
output_69,23,input_22,0.073184
output_69,24,input_23,0.072657
output_69,25,input_29,0.071767
output_69,26,input_17,0.059419
output_69,27,input_31,0.058575
output_69,28,input_18,0.058477
output_69,29,input_30,0.057865
output_69,30,input_25,0.045704
output_69,31,input_24,0.045683
output_69,32,input_32,0.037411
output_69,33,input_33,0.036431
output_70,1,input_1,0.466090
output_70,2,input_2,0.256459
output_70,3,input_3,0.256226
output_70,4,input_8,0.224304
output_70,5,input_4,0.217829
output_70,6,input_5,0.207322
output_70,7,input_9,0.140009
output_70,8,input_19,0.139489
output_70,9,input_10,0.138832
output_70,10,input_7,0.131587
output_70,11,input_6,0.125619
output_70,12,input_14,0.123997
output_70,13,input_13,0.121230
output_70,14,input_15,0.099434
output_70,15,input_16,0.098452
output_70,16,input_21,0.095201
output_70,17,input_20,0.095068
output_70,18,input_26,0.087486
output_70,19,input_27,0.084735
output_70,20,input_12,0.082938
output_70,21,input_11,0.082405
output_70,22,input_28,0.078291
output_70,23,input_22,0.074679
output_70,24,input_23,0.074577
output_70,25,input_29,0.073907
output_70,26,input_17,0.061560
output_70,27,input_31,0.060580
output_70,28,input_18,0.060389
output_70,29,input_30,0.059494
output_70,30,input_24,0.047532
output_70,31,input_25,0.047529
output_70,32,input_32,0.039084
output_70,33,input_33,0.038502
